<?xml version="1.0" encoding="UTF-8"?>
<project-private xmlns="http://www.netbeans.org/ns/project-private/1">
    <editor-bookmarks xmlns="http://www.netbeans.org/ns/editor-bookmarks/2" lastBookmarkId="0"/>
    <open-files xmlns="http://www.netbeans.org/ns/projectui-open-files/2">
        <group>
            <file>file:/C:/xampp/htdocs/sedan/application/views/headc.php</file>
            <file>file:/C:/xampp/htdocs/sedan/application/views/index.html</file>
            <file>file:/C:/xampp/htdocs/sedan/application/controllers/Pegawai.php</file>
            <file>file:/C:/xampp/htdocs/sedan/application/views/layout.php</file>
        </group>
    </open-files>
</project-private>
